<?xml version="1.0" encoding="UTF-8"?>
<project default="ecore2sql" name="com.koudri.healthrecord.data.gen">
    <property name="ECLIPSE_HOME" value="../../../../../opt/kepler"/>
    <property name="ECLIPSE_WORKSPACE" value="../.."/>

    <!-- The classpath with only the dependencies used by the project -->
    <path id="com.koudri.healthrecord.data.gen.libraryclasspath">
        <pathelement location="${ECLIPSE_WORKSPACE}/com.koudri.healthrecord.data.gen/bin"/>
        <pathelement location="${ECLIPSE_HOME}/plugins/org.eclipse.core.runtime_3.9.0.v20130326-1255.jar"/>
        <pathelement location="${ECLIPSE_HOME}/plugins/org.eclipse.osgi_3.9.0.v20130529-1710.jar"/>
        <pathelement location="${ECLIPSE_HOME}/plugins/org.eclipse.equinox.common_3.6.200.v20130402-1505.jar"/>
        <pathelement location="${ECLIPSE_HOME}/plugins/org.eclipse.core.jobs_3.5.300.v20130429-1813.jar"/>
        <pathelement location="${ECLIPSE_HOME}/plugins/org.eclipse.core.runtime.compatibility.registry_3.5.200.v20130514-1256/runtime_registry_compatibility.jar"/>
        <pathelement location="${ECLIPSE_HOME}/plugins/org.eclipse.equinox.registry_3.5.300.v20130327-1442.jar"/>
        <pathelement location="${ECLIPSE_HOME}/plugins/org.eclipse.equinox.preferences_3.5.100.v20130422-1538.jar"/>
        <pathelement location="${ECLIPSE_HOME}/plugins/org.eclipse.core.contenttype_3.4.200.v20130326-1255.jar"/>
        <pathelement location="${ECLIPSE_HOME}/plugins/org.eclipse.equinox.app_1.3.100.v20130327-1442.jar"/>
        <pathelement location="${ECLIPSE_HOME}/plugins/org.eclipse.emf.ecore_2.9.0.v20130528-0742.jar"/>
        <pathelement location="${ECLIPSE_HOME}/plugins/org.eclipse.emf.common_2.9.0.v20130528-0742.jar"/>
        <pathelement location="${ECLIPSE_HOME}/plugins/org.eclipse.emf.ecore.xmi_2.9.0.v20130528-0742.jar"/>
        <pathelement location="${ECLIPSE_HOME}/plugins/org.eclipse.ocl_3.3.0.v20130610-1317.jar"/>
        <pathelement location="${ECLIPSE_HOME}/plugins/lpg.runtime.java_2.0.17.v201004271640.jar"/>
        <pathelement location="${ECLIPSE_HOME}/plugins/org.eclipse.ocl.common_1.1.0.v20130531-0544.jar"/>
        <pathelement location="${ECLIPSE_HOME}/plugins/org.eclipse.ocl.ecore_3.3.0.v20130520-1222.jar"/>
        <pathelement location="${ECLIPSE_HOME}/plugins/org.eclipse.emf.codegen.ecore_2.9.0.v20130610-0406.jar"/>
        <pathelement location="${ECLIPSE_HOME}/plugins/org.eclipse.emf.codegen_2.9.0.v20130610-0406.jar"/>
        <pathelement location="${ECLIPSE_HOME}/plugins/com.google.guava_11.0.2.v201303041551.jar"/>
    </path>

    <path id="com.koudri.healthrecord.data.gen.classpath">
        <path refid="com.koudri.healthrecord.data.gen.libraryclasspath"/>
    </path>

    <!-- The classpath with only the jars available in the plugin folder of Eclipse -->
    <path id="com.koudri.healthrecord.data.gen.libraryclasspath.alljars">
        <pathelement location="../com.koudri.healthrecord.data.gen/bin"/>
        <fileset dir="${ECLIPSE_HOME}/plugins/" includes="*.jar"/>
    </path>

    <path id="com.koudri.healthrecord.data.gen.classpath.alljars">
        <path refid="com.koudri.healthrecord.data.gen.libraryclasspath.alljars"/>
    </path>

    <!-- The default task with the jars used by this project -->
    <target name="ecore2sql">
        <java classname="com.koudri.healthrecord.data.gen.common.Ecore2sql" classpathref="com.koudri.healthrecord.data.gen.classpath">
            <arg value="${model}"/>
            <arg value="${target}"/>
        </java>
    </target>

    <!--
        In case of problem you can also try with all the jar available in your Eclipse
        Keep in mind that having two versions of the same jar can create problems
    -->
    <target name="ecore2sql.alljars">
        <java classname="com.koudri.healthrecord.data.gen.common.Ecore2sql" classpathref="com.koudri.healthrecord.data.gen.classpath">
            <arg value="${model}"/>
            <arg value="${target}"/>
        </java>
    </target>
</project>
